ear_mean,ear_min,ear_std,perclos,blink_count,avg_closure_ms,max_closure_ms,label
0.24598216739007733,0.07452767655008304,0.03579291499601088,0.2628524768752874,4,828.0204036791463,2573.2080039978555,1
0.3112928731162802,0.2156179894238227,0.008585038879057151,0.05900569549387075,16,119.16061171183847,305.7448838196872,0
0.2645954737253467,0.11900619081378608,0.044711703274936086,0.4275941785512331,3,624.8304651048227,2632.81332436911,1
0.26571297163947266,0.22118436868028976,0.02004908544671317,0.09715813231206494,11,196.6903998848124,300.80075271926523,0
0.27677428576667984,0.22826869806447403,0.02054091408368758,0.08804928462729103,19,114.80350323786871,349.60094727428066,0
0.23538320362163861,0.1614647697311258,0.02634678448687891,0.3401625271168026,6,461.30864518019905,1858.5944572023848,1
0.20550026017215056,0.12671363854916695,0.040399046873960766,0.49579056811108246,7,727.0218089833056,1804.8127061821956,1
0.2917371418760054,0.25186373253278793,0.02316715766150548,0.02498184847055085,18,171.0882727110051,262.4392736435207,0
0.2872327205009527,0.18258416157948287,0.012661493993440543,0.04175597809029048,19,106.9868260179095,309.86852898055156,0
0.19811962708180486,0.1127629182643101,0.033088330125989635,0.37991034820316966,4,729.4917923339967,2611.5711138574807,1
0.29085120087171934,0.20338099767177925,0.01232382394219716,0.061381524515328745,16,163.79733886730872,208.56751102382265,0
0.2834636185170237,0.23186202515936769,0.007035031332341653,0.03297867246259835,14,117.0601308808809,340.5280411716458,0
0.16797138711852216,0.07920431577060241,0.01578189333258156,0.2780630049286662,2,462.11262079102505,2275.126356636245,1
0.2638301279421363,0.2236373251011699,0.016909677261157767,0.09707155473708404,12,104.53530632656542,357.3416681414618,0
0.2149399487373635,0.09605108266384638,0.04711708480142343,0.46597328064123045,6,775.6204336350902,2735.3675915950644,1
0.22851271514558152,0.13771964492076927,0.030320041490657666,0.5383266344774531,2,406.3715237963609,2372.728229992006,1
0.21616730131053977,0.11156699121342135,0.05006092888159123,0.5393475759095205,3,624.705572148995,1365.9023252503782,1
0.2679658677554121,0.23277184917554747,0.013713117312883273,0.03475810025069115,11,176.96951388269957,309.606471332848,0
0.22045858913884891,0.12801150797607777,0.019348863369246273,0.48422009202832744,4,837.5007727008357,2205.778700323916,1
0.20360886895135696,0.13936452543423225,0.026773201611578642,0.5796039990666237,5,679.1120600334589,1546.1578128605295,1
0.1997608207605015,0.12625148423842658,0.02448141854107553,0.290648636070184,2,787.4755410332069,1657.087989462653,1
0.2443983241667008,0.05874795394727128,0.05558199285668253,0.5845715901343618,5,410.69414660751653,2603.9789884389797,1
0.20340552035753745,0.12533103002799761,0.031335409047822824,0.5402881327005964,5,599.6194934705989,2577.2885918701795,1
0.1994446059202283,0.09502933280687313,0.02453755551747517,0.3224474024534494,5,729.071573199315,2883.309756107688,1
0.28174094136476346,0.2247122911621713,0.007217090506701244,0.09251499626755288,11,131.612345183576,255.6915092747146,0
0.20105790655915187,0.15987457590397294,0.01775701763710634,0.2589067159670128,6,751.2764522006628,1992.1044837169177,1
0.19428983965749178,0.1392252858380103,0.04208366230593143,0.350941903236561,2,433.58834312767056,1607.2954514698797,1
0.302711312803612,0.21806573776259217,0.011535474011020463,0.04862386122603535,19,182.08163127258155,338.2423618773081,0
0.27158709354469285,0.2015566935164475,0.0005187231090315533,0.032099746298794765,12,141.8791287027744,287.28391974591864,0
0.22925359200253254,0.11895945337839656,0.03148667457202112,0.2864786809829217,2,697.7603134601754,2280.5066289504666,1
0.19252891881330866,0.06331377807163407,0.03648280433843859,0.29919353865242626,7,577.5203686274983,2250.4890666145793,1
0.17523508409622468,0.1665150147844223,0.0238659733645906,0.42068347401744255,7,1107.9714465444704,1877.7545180207371,1
0.21152196346817922,0.08159086803987317,0.036628812686674124,0.35720972457237443,2,594.9835860194735,1540.908152192723,1
0.2868230394963329,0.21257118268008418,0.014687034360502388,0.09868171781721777,14,160.52663406318973,315.94523141944495,0
0.2929537707620139,0.19202864852361717,0.01529815184960087,0.05986045458107629,14,101.13145655967136,309.11703653382955,0
0.17968514865463667,0.09696607304687614,0.04490726136849952,0.42932732214102676,7,875.8425717422317,2322.2600949347334,1
0.2154331650217625,0.18489764169916378,0.027491669835449525,0.4840004263530199,3,817.2795168090865,1732.1781749024735,1
0.2872279121101683,0.22036836758379102,0.014765397105604079,0.0559791873960432,15,166.29918763334825,327.3523434088654,0
0.35705462981309444,0.25392912736580076,0.023747883715934698,0.08573095181683774,10,117.5435793026156,240.1105955690533,0
0.2560758675183866,0.2134795293566432,0.006301431106109501,0.042574965975456014,12,170.21266076469118,226.7301162821036,0
0.17722602015338906,0.14045674468878933,0.03742095372009307,0.5676638508947942,4,976.4524389155249,2299.38731523307,1
0.27344675706804467,0.22667324210573897,0.015259729429036497,0.07233396811792596,12,135.20028746969587,364.8653783758539,0
0.15733238871206978,0.08524905932422372,0.039325908318730896,0.25817323371486506,3,628.4070240948092,2459.441836305675,1
0.2942800098818419,0.23425996860344778,0.01970385593994108,0.06041654188613106,19,153.90942988120656,390.7070195703018,0
0.258845781420882,0.19577967600475088,0.018235979698513705,0.022095736682565183,18,176.99305274671252,335.49468296469456,0
0.27401985299068266,0.23541730387773935,0.012859424195170437,0.031139629689407613,10,188.45090861301708,330.94181507125984,0
0.2899342830602247,0.23852355095063282,0.02199677718293001,0.04158565761025715,15,135.07561752527585,348.616307926276,0
0.2706854049285949,0.21899523781101726,0.015987998023462,0.031796202136502714,12,194.3476155197393,214.00070242661315,0
0.1775454039033034,0.12837064577311016,0.03927840128081237,0.5696504316516828,4,410.6008268031284,1811.5864361379188,1
0.2813505640937585,0.20674752482108308,0.014878227038695084,0.07089418917665861,10,182.6248382022044,368.4651009499868,0
0.279283479217801,0.22653854747528326,0.015384109455301276,0.02522929260515082,17,131.30021975937342,245.00837523417442,0
0.25858215003877777,0.20950959467440453,0.019591583030011565,0.026677126799150665,16,173.86055157094955,337.1401085867288,0
0.2813712594961206,0.2505910063892123,0.017109603771176422,0.040689666791043105,18,120.43576708609478,302.32714357901546,0
0.2213484463426667,0.11076665295140997,0.04328194141849058,0.48753448483539763,4,1035.5885069187925,2315.30866850086,1
0.25508522442576026,0.23231871213888527,0.016598909670712685,0.05419917503364921,13,131.55151322912775,318.8165561139425,0
0.298625602382324,0.21176246067755067,0.011641883160309742,0.03271265341354829,10,148.8609504925416,237.0745558165023,0
0.290438831312338,0.21538130939582645,0.022972525316124863,0.06309614383621714,11,193.90503522446147,326.6145306999026,0
0.2618395184895758,0.2219866461085845,0.0133982634590284,0.09986780091143597,14,134.98815804714008,269.98898790592796,0
0.2524466126408582,0.18886741652952194,0.01524430035162852,0.08552508110893249,17,155.0035023302247,336.6907554815018,0
0.28183521553071006,0.19042827508440316,0.022503798953171554,0.06259365458201736,12,181.50194605519613,364.75347915982456,0
0.24569372231808972,0.08995139970315252,0.04542109952567876,0.46103000676781153,4,412.4066645012737,1850.7745177572695,1
0.10276197979792784,0.19680253614806384,0.03538755992446369,0.44132687706572593,6,515.1535308577847,1205.6536308866198,1
0.26277161827056383,0.10911484318681022,0.034865016438262016,0.40210858630054913,3,1129.2170346602531,2513.0347856969947,1
0.2061039090760167,0.1185686593157406,0.026003638143853976,0.3857953659814043,4,562.7491801088729,2771.434909253489,1
0.24024862170798217,0.2428750808641386,0.019251108710567462,0.052887648208056526,14,128.1130114967656,212.62805858547827,0
0.2839372247173825,0.20846216260953704,0.020235491513060772,0.09525433960922725,14,188.16597159703218,332.49678938832164,0
0.22865426961503715,0.1305616618954289,0.04702214944635238,0.4603759583800815,7,1002.8757045966023,2032.3041184425733,1
0.2707872245808043,0.2315414425436108,0.018261614392067096,0.05665495093903142,12,156.2532374791427,354.860536588919,0
0.26676427070463227,0.25330948888925153,0.017844915395926378,0.0381743645618812,14,174.2322573819218,241.45459581353353,0
0.21475757514519517,0.13521822093321892,0.023222846302478936,0.2505477868170155,4,842.7041502925981,2741.6881249726325,1
0.22572978869606058,0.10087838618080447,0.03541462728204788,0.41871437033922887,3,1132.2057479342584,2307.4565759083453,1
0.2073106163447574,0.1402445847649981,0.030030460201534142,0.42719312082332095,7,717.9585255192733,1729.1083818304155,1
0.18199349368523618,0.11257444093345485,0.03393317839394372,0.5869836249759091,4,937.6448310018027,1280.930594864792,1
0.19375633248928176,0.13288854657397758,0.03388578604530964,0.3554428412660001,7,900.1638156243538,2639.4922445136954,1
0.19069199730219633,0.1466889238687031,0.02694775295645332,0.5402503797608644,4,936.5404203058605,1868.1051288351564,1
0.19937295218107556,0.10696511317703053,0.03536509843570403,0.5281023975450665,5,798.4323144454952,2878.1809648119797,1
0.1867986653990905,0.10119098826636697,0.022644700574102332,0.5089664422684257,3,956.6379821243559,2487.3356186044343,1
0.2670976049078975,0.21296973031917382,0.016732519408653578,0.0807518609934371,13,131.76567785288896,306.6502798558205,0
0.17621381503212968,0.15351887494764382,0.01239237240844182,0.30840107059456345,4,860.3275098289187,2741.0384982247383,1
0.19337091201400333,0.1632035164634842,0.035885784044206094,0.27509916109667787,7,1011.8407779674218,2753.6439679243304,1
0.28586144946597364,0.2714671960649972,0.023210075800681844,0.0820489480740262,15,100.65070751543112,387.98635839396445,0
0.30955788089483033,0.23265563732212569,0.013391824743913086,0.02174587174203916,13,186.66649088043556,292.30458551772136,0
0.2093375046363061,0.047283620201131304,0.03419532443907028,0.25963785195431294,5,1105.2507639526057,1839.2369659568626,1
0.27845796581171794,0.21314624811839303,0.01552100551975938,0.042152358990224716,18,171.7662969771535,208.46845575447676,0
0.21785471076310742,0.1622804232055674,0.03529692754356731,0.40064959361234653,7,1054.69565318507,2809.1733690845294,1
0.28194155098696083,0.22143132474438784,0.01464199370292968,0.07846567719845839,10,123.72250861138784,252.80086999189317,0
0.2925133469553002,0.2344334412808647,0.015899470755767392,0.05522587346946792,15,188.78866528065953,290.71579998456684,0
0.20996942035938776,0.11714113402839144,0.02356481769619857,0.47263361624333977,2,731.6128518534338,2843.2758085944415,1
0.22476249046964092,0.163409336530612,0.04390207549017314,0.45964247786202367,2,810.1811154094208,1931.8022108545877,1
0.20209406254970058,0.1177669971269986,0.03192049116490032,0.5043348472246132,5,866.8455738598548,1427.441666366119,1
0.18201822063667936,0.10407393681239038,0.025120885918542973,0.38810162645917623,5,1029.2179059126777,1540.4503800413722,1
0.15454426813404343,0.14521930646966172,0.028659828333270822,0.5958125881544571,7,938.5971514836252,1446.7610245417618,1
0.1967371955462943,0.16642515603990185,0.031195803684141533,0.287809013945742,7,515.5101057069338,1281.8145007844328,1
0.16981947855500895,0.10663492435797683,0.030644744148101203,0.5208578795055547,6,423.6032441161648,2231.8017500092647,1
0.138823034667197,0.1764347120832177,0.03815737212539297,0.44552483875764887,4,985.9310918501349,2015.0646855796501,1
0.15777608676870336,0.19365900419732682,0.039343199112392736,0.2659770609258343,4,741.9965202854073,2614.4627618430713,1
0.2983080423540415,0.21081278200919512,0.020151417270159212,0.09494579696264735,17,115.4833608849925,349.56771488241435,0
0.2964380500875045,0.1757772938198423,0.012531217084193438,0.025012256276428363,12,97.25772203777765,292.6229427675023,0
0.14889852681934537,0.12731402141313597,0.03490974951638251,0.48553831783805135,5,648.8019957861442,2007.8018471903065,1
0.26875424941518056,0.23510782451651513,0.01598955391731324,0.0376489562168969,19,172.77068500369595,274.8960799936034,0
0.28809963421921914,0.19186677806303556,0.007220521768981863,0.09506438547587862,14,197.4749008449325,355.36066642797755,0
0.22152626767387887,0.054035821301397544,0.024169225614310615,0.5052107206423068,2,497.1963128702123,1496.7925978172493,1
0.2517539259732942,0.2350277424674358,0.017120829732009582,0.09464906650748461,16,173.76186087372875,385.8576804524119,0
0.17545337950299583,0.1889669437085775,0.029295012219409087,0.36093130572689175,7,440.0148614568898,1807.4645862148168,1
0.2022741367458118,0.08987577699743796,0.02786557129069792,0.3331017139311822,3,877.6766161493758,2553.0171096412546,1
0.26321564953554727,0.21024787551855012,0.014872229645042773,0.0688180119582113,17,129.87246750888025,319.9542629940996,0
0.18319456879409093,0.10451865815347877,0.03992042349536523,0.3148655628350501,5,991.5265838650495,2765.2909484545994,1
0.29359195497869356,0.20443390549195375,0.026052615007956755,0.09832839504121237,13,161.30491346042407,388.47669080045534,0
0.17308236885542505,0.09244044160547404,0.04218761851697317,0.4959218205799307,7,572.2755051060421,2260.0795349020154,1
0.25875392572547795,0.21683984202842022,0.023068556345293235,0.03317650827458367,10,199.94527024629133,201.06923217087288,0
0.2735587696758865,0.22146635934376807,0.008861960924315036,0.09022640625216327,16,97.9521739432343,213.86566607755296,0
0.22914712852863067,0.0989963755518248,0.021607903326609935,0.2997479933277102,4,992.5009191154965,1456.0594315982678,1
0.19558827855493585,0.1270264419760956,0.026629140288819606,0.3845789646756844,5,666.4278974443187,1296.326033243478,1
0.28221845179419736,0.18390235798670962,0.017181618348370162,0.05279239117570306,11,174.13050296041013,219.07432045461172,0
0.19663015850927512,0.11730792917138319,0.02419476550195277,0.3692114583034521,7,491.4286159983836,2286.834585472373,1
0.21986392023563142,0.07993966923869696,0.02847530163619456,0.3485324194452255,2,401.6148141985871,2892.7545731413447,1
0.26693341534852577,0.20489234135293355,0.01115013384470679,0.0443157120992579,19,92.3745634889691,234.0230834618563,0
0.28372908629538857,0.23965381967891028,0.012232058791460027,0.08845898071246291,12,173.719507233799,231.11428737386046,0
0.25662643924760936,0.23451533247797385,0.014711906014832073,0.09565585176002259,10,185.92812568081064,263.6208893806944,0
0.27768703435223524,0.23059608355830566,0.020393404167156477,0.08981842003876815,10,194.58163916461618,231.735774737937,0
0.3262931713334702,0.22615603537784118,0.009062007904852436,0.03135775918087951,18,129.39865525480428,333.86172183237585,0
0.28026003783755815,0.19778848309068342,0.0065352159290230725,0.034737987139042095,14,117.43808243917022,212.12098154298195,0
0.20290987894978155,0.10448134649698883,0.03056649924897107,0.43110622311426444,2,923.195273871841,2890.0109280742954,1
0.2846450739432201,0.1978694818251666,0.008384551032962508,0.05043360060060499,19,165.01876369913566,292.23338025078203,0
0.2843291717916395,0.20043254444769937,0.008150985102104609,0.030101179325160217,11,104.64816901736353,287.6913430501156,0
0.2584451044414139,0.22695163410723343,0.014264989991857557,0.0873158042467808,18,90.07034429857153,294.99019305274965,0
0.20347023902878578,0.12559827369469073,0.03268592278863257,0.5557945077132207,5,767.3513869860494,2420.604895717576,1
0.3010760410406981,0.1918307740727288,0.017716490145181937,0.08865416425257312,11,161.25828949492086,395.2373949976168,0
0.26018927349738624,0.20020790359482837,0.016513177326195165,0.08451228937862716,10,187.5248959588663,203.4299563830396,0
0.2188503652779284,0.11154646173418478,0.035999287299962046,0.47095764358219605,6,683.8886645969183,2136.1333100000707,1
0.3170455636901788,0.1867695987546208,0.006657079630612052,0.04897883533218307,17,101.34657488588282,304.21463810167756,0
0.32926484224970576,0.19749021905403247,0.01747840943986302,0.02653802765974226,12,104.06723012875796,201.14371627215786,0
0.1917484490854507,0.12384313244732367,0.04196631486645651,0.37760780486913903,7,889.0692817733175,2427.8756908109426,1
0.15692413546461684,0.10312599672317196,0.036091381209071766,0.5504195868796923,7,842.7032129013659,1543.3067776636103,1
0.2845491986920826,0.21328430601419743,0.01351218248320004,0.03910369691052314,13,170.45956406830624,335.22507951765806,0
0.27381575248297574,0.2113488362436076,0.020863645096296825,0.030828326582214842,13,181.67260012662314,372.30274144537873,0
0.2842818748826041,0.19837873344800205,0.01199316178024393,0.09055422066437152,11,144.88814805597252,218.98168825346926,0
0.26911234550949636,0.20473481686914966,0.023637715850503557,0.02946689527387099,12,180.24893970105512,326.3977360792378,0
0.2862849466519055,0.20044889510402897,0.012580570829728391,0.07885304913913518,14,107.84477946813271,209.0638557921789,0
0.16256650454105454,0.09890470724622337,0.015862855030950196,0.2887522076642105,4,1140.4177662815046,1995.1436849478728,1
0.27855979756839333,0.17923750929644292,0.00852659262139547,0.09250036644168294,15,97.78135138759346,391.69956713354804,0
0.29030095372612097,0.17836141184232557,0.007986973641001531,0.05769343191462517,18,88.50698910695425,225.04411190336629,0
0.23358724734303732,0.1428124396843289,0.025625416996765894,0.5874060924911958,4,957.8203352430855,1592.2356748536242,1
0.2721578369373569,0.240750798885158,0.018663200386077897,0.035847810620779214,15,91.40636546392314,326.00797569599644,0
0.2309739578165344,0.15160925389823518,0.03374056569847572,0.4827447162165983,6,563.5524591596375,1377.4492686403423,1
0.24897233911794908,0.11895034528509114,0.028887739386512994,0.39789194990918064,5,454.66728387648334,2971.6220986219814,1
0.2515050362757309,0.2314119733718632,0.02571135179305932,0.08285212944641857,17,152.367716740462,274.6482312758468,0
0.2937252038074903,0.19303629155788574,0.018168884404660492,0.05602807831243302,14,131.6648251408628,261.2102927045576,0
0.198214239318146,0.12366029443936084,0.030760053914124112,0.5525972633329345,2,951.8230793984969,1761.0416913270747,1
0.17105229618259687,0.10323234458185235,0.050562071299403225,0.3532642476789547,4,1031.545755356153,1360.181486741424,1
0.27531726086101643,0.21025749232470609,0.016967426927108748,0.046739065495684864,10,81.70280592749207,302.6736420449831,0
0.2793057646058952,0.22218789589209786,0.027017077926191374,0.03326196321306206,19,132.49783119298516,260.80605448959994,0
0.26560311583210583,0.20406209489059046,0.01941829968743336,0.08421146478365683,15,137.78592083310252,286.6326222630333,0
0.25974337759331156,0.23001834375248761,0.011742909981927757,0.0678580235250991,10,117.19999246061471,273.89638680627604,0
0.17900823476022243,0.1258956350910441,0.027909767427139746,0.47603783520026943,7,1184.3484562162976,2513.48143169536,1
0.19134024083239587,0.1341424666915921,0.03391804005402546,0.43080041995609264,2,1098.97833614578,1876.4490285229554,1
0.31046059712816054,0.2312593847338114,0.01176531611147213,0.026164662330746494,14,105.67484464258843,396.3414685042283,0
0.27029272904341795,0.2127277557557229,0.010823264733701213,0.028050998281882667,11,126.8818533183127,287.07872923514714,0
0.21868549797042497,0.12139309644468446,0.02243204911430539,0.2748526825866394,3,1122.8467547460243,2346.7704614839968,1
0.27041651524309424,0.22579549713792826,0.018858493553241724,0.09652916968667664,15,196.9246686415109,349.1506758152252,0
0.24162457569401918,0.23308731312708114,0.014046587996183267,0.025413468952000126,17,87.35971467719392,386.7142166915296,0
0.20972499057465327,0.12246851967826272,0.023904877978407166,0.5576426150987935,6,960.6941086891455,2614.157586352429,1
0.23175273460548765,0.1669657208770302,0.02778746376414228,0.4520199603570928,6,833.095688125815,2173.8052180697923,1
0.2741661250041345,0.20191366749791184,0.009886037174007972,0.06702154886897586,12,85.52680810279476,285.2141955252194,0
0.15859695625355327,0.14125069341898058,0.04607345576019993,0.40047587708655186,7,569.5154643520873,1814.565485287737,1
0.13094236505793247,0.09956845027575358,0.023902170956806176,0.3262623939892465,6,1085.8471218886727,2909.819402842937,1
0.256980128451554,0.18744915124233674,0.015190017390841,0.08718418285084938,13,125.23826503115362,220.7357161468553,0
0.2953486945830582,0.20272018460640367,0.01817585900840985,0.07661447477927326,15,167.8547128211547,246.30968719300978,0
0.21512139546553535,0.16331293812219777,0.05601683114180395,0.4909417564722479,3,662.0417321441059,1649.024767727818,1
0.2851510078144553,0.1844255950219144,0.011881155196520974,0.0888111754679548,17,143.84260147811023,365.33041149212806,0
0.24080659752240452,0.2123088891154035,0.0076781255989508985,0.061446301299105235,14,187.35713570931614,342.6471736166674,0
0.2894766584182358,0.21951749825779993,0.026262179026721545,0.061866370495579304,19,99.08300044883136,366.56638037381515,0
0.22644919270848352,0.12080657516983592,0.04262584103427182,0.5650291140557682,7,723.6549251232138,1348.9212713226075,1
0.30285645629030045,0.22962018463473427,0.016005495233574838,0.08799802971845296,17,86.22811323047708,392.23188314203304,0
0.2761527807043776,0.26891503959233654,0.01575209452571788,0.05666405132229252,11,104.42940530556325,293.16515064462493,0
0.2965436649807205,0.2044436662481825,0.013596624615666129,0.0361612534721992,12,145.91717257761246,389.7488790299422,0
0.2287781247825562,0.09807209880174242,0.013864386021232588,0.37082809998059224,2,568.0234796130253,2993.5169286223,1
0.2628568488716744,0.19741896457565541,0.021960011431722996,0.06922384200558417,10,81.92742379772073,290.97448856057366,0
0.2851976558849685,0.2150851387182811,0.014134640878580651,0.022173393698044785,12,112.2616090943412,373.68215758827637,0
0.17680970648433603,0.1803061361629905,0.02115197285973099,0.3889552644330171,6,872.1861273207141,2327.3802329811515,1
0.17304755985954928,0.1446144654359209,0.03459972142939116,0.5374193988925793,7,754.6452076137402,2201.6211704858215,1
0.28770634759457675,0.2138090712137202,0.017202373689801993,0.021008601598060724,17,137.87172335026307,213.30552164217104,0
0.1864980358556227,0.1257329720405971,0.03996047685805816,0.5129123167329463,5,654.8871702108858,1274.6985009295431,1
0.21386310422789814,0.07289325840328631,0.03141716913639905,0.5317173718945035,3,850.9279768230098,2395.563083529214,1
0.18409227144882678,0.11753546464822293,0.03565509645631544,0.38109351045704243,7,837.3482040794311,2490.8170232499483,1
0.3061428550856486,0.25338043050578785,0.021878534066558097,0.056099147534479046,15,82.48056426702854,227.68709866587886,0
0.18796338584342492,0.10836895320192047,0.0284147042697303,0.45021702517925527,4,800.0640946172662,2406.05856805362,1
0.3000706579578405,0.19983827378165192,0.020804133936892597,0.039963695987960485,16,161.545991256069,286.2173725246579,0
0.29141781021386337,0.22422034934405238,0.008780683823043575,0.056741215773857115,19,192.23565182543933,243.24540182555594,0
0.2750922376799426,0.16698060383213975,0.017973771708326428,0.08346090803506036,14,105.60720175708275,349.5588699518745,0
0.1741614739601521,0.09954047256006604,0.03184551303197037,0.5609412853080384,5,918.2193863602737,1336.1899870273996,1
0.17697957311335852,0.1738367359055336,0.02790676322848134,0.5559778836398115,5,970.3680062870446,2556.7213267704083,1
0.152167170236169,0.13106019926618703,0.019530890173180604,0.4096827781344397,6,905.7732782031592,1953.4481139566806,1
0.23489491256464878,0.13897223217166563,0.01907687235327421,0.3522763806616642,5,913.3055270618836,1824.712263298911,1
0.2785110816846767,0.24992088622978367,0.024570156769333933,0.0778251442566787,12,150.8517307787232,380.6187455753077,0
0.315309084805622,0.20776964394016104,0.01616892955895374,0.07225302324250264,16,145.73416332599834,379.64761279064703,0
0.29563645743554623,0.21454552860504658,0.015077895237907337,0.025216367300839364,11,155.41208569027987,275.8255316751294,0
0.26595893812245297,0.22957959651492785,0.018638147718184898,0.04052240499553983,17,185.53958848737517,377.69282198458416,0
0.26639950556843023,0.2146222261889034,0.011805191261552488,0.08576825284801805,11,173.68782238410813,372.2090599006624,0
0.20037777202345386,0.13003370369961076,0.02066732040926804,0.3527210881228426,2,879.0763200635512,2592.394935356797,1
0.22272523130141916,0.17402821298732446,0.03394671529822981,0.35892612327218776,3,1018.3893770444694,1512.0174953555056,1
0.2696345956345271,0.2654138571560879,0.025383739917804203,0.07310317489404713,16,145.34069228590735,396.66113136369347,0
0.2733099752831811,0.20548512373693067,0.008880298666188717,0.037011550109687694,17,134.01398317697732,260.49580583358534,0
0.28825561853873,0.22212860455383793,0.027198762031696362,0.0626423093796912,16,83.70294851696869,394.84953082895123,0
0.26358635363296584,0.2091315045773247,0.00677300626521554,0.05167763781299639,16,182.05659377130053,210.87814970446223,0
0.25714059404338757,0.2163019572711402,0.02182070214986922,0.09122064424142418,17,194.2960540025416,249.25720376210631,0
0.26569392581480067,0.20920480639381278,0.019819395583974546,0.057702973391853166,11,120.01551123152126,211.04450414860568,0
0.22760509791820513,0.23658811162366977,0.0199813340972357,0.02268908801466261,18,180.75915868505484,365.1835414632061,0
0.2923664242536571,0.0724829152954283,0.021125078221978996,0.4269092912686575,6,985.053215762637,1281.448540233998,1
0.2096815568101427,0.10343330867157086,0.015210884312258711,0.2519270297061473,5,910.363410147791,2474.6193028211255,1
0.16217348136994866,0.09230300261667287,0.033308802322144566,0.5549215687920681,6,844.3963392846881,1337.6639198987637,1
0.2950386606537355,0.22447768048558264,0.02025327198003806,0.07352178698632866,16,102.93424513952031,378.34217304054914,0
0.1934695639031834,0.11439385067515923,0.02974973041254856,0.27227431825032483,7,1089.0557006520726,2737.669420195204,1
0.21888886525770837,0.12089268418487235,0.03321697806196013,0.4576275495375845,3,980.5807282912826,2525.2316582408994,1
0.18547297781401248,0.19897146194512172,0.01790358981308794,0.5675182607470404,5,459.23377432987843,2472.0159606198595,1
0.19942951376291934,0.16261512743969564,0.024234895992732805,0.4637730248765189,2,428.0063318454445,2123.259896594578,1
0.23713448935920386,0.09549192987038291,0.02343105721028604,0.38434360906574283,5,1029.0861864491853,1709.0420352068995,1
0.30177901193934736,0.21632033327294642,0.01435089650133287,0.0696742853982745,10,109.65578655936703,283.24361176906984,0
0.1952018441010972,0.15567049593322654,0.03759155160302647,0.3186341994584375,7,1087.8590683130208,2568.763761028449,1
0.32287888178650653,0.24058311274651287,0.010981627160151344,0.0749061757348878,10,174.18341875506562,233.20436472857216,0
0.13628312827070582,0.10531681672445334,0.05157308213265503,0.39763986248859096,6,1154.0250460160933,2860.261472406185,1
0.17055474046856148,0.1386542988665159,0.04213097699979183,0.5138866662588744,4,698.6078515702071,2985.191185762649,1
0.2841772719000951,0.20279173269432096,0.008871171684988292,0.04184566479782499,12,128.33172781547023,241.44845995377565,0
0.2623228512759774,0.22652266044484237,0.014901811005366594,0.0647804546910706,15,94.21908305220808,246.15893078530635,0
0.2553827136713209,0.19409842455872767,0.01850586371155449,0.08964627400368055,11,129.7363658647212,346.60072392567065,0
0.2207043197513334,0.10161633928546841,0.04196571501664491,0.5309049878529345,3,735.5116893335774,1608.1341319325002,1
0.2559940718588845,0.23035318040938246,0.011753612274669964,0.044424854135738504,18,81.37767916992534,270.7393373161468,0
0.19833356903310145,0.10307764107789814,0.03734877786049817,0.3463834109893965,2,533.5448566540011,2843.8188247586213,1
0.1954464471489325,0.14501766463646712,0.011637946268967032,0.2837870645684043,5,570.4680069478466,2207.2419380376155,1
0.2995109025424472,0.21158031038359473,0.01314692833956947,0.07255641250137117,19,185.28267346463122,344.86888126590793,0
0.2794697224910157,0.2188883065817909,0.016087164365898615,0.07662680777838149,18,123.4611505758474,360.2695983747617,0
0.29026534866226716,0.20287832348182266,0.014018250754575108,0.0408126232769641,10,156.3250962535962,292.79802629288497,0
0.24885846636713876,0.0893630154860786,0.027513088738164528,0.49237248933422884,7,494.7320313407455,1691.3099905166782,1
0.31158425631014786,0.2081521215152226,0.019475966100138662,0.08279175816891741,11,179.5269952350215,397.84355079155,0
0.21558039542723517,0.12608769062553898,0.029846901508270043,0.3266740831856502,5,799.5454158934683,2413.9193732651665,1
0.15655746975508028,0.12867505931723455,0.00446078865098045,0.41537267425227975,6,1016.5940247244413,2864.1404437174197,1
0.21238794362826874,0.1495296719542975,0.026118231814587712,0.5826858684051712,4,794.8007937235266,1677.6662008835558,1
0.2561739300559471,0.2239616952153571,0.01990882743495797,0.04297103664676605,17,101.62349049537775,272.4862645231658,0
0.28500985700691756,0.2569791218989069,0.010043038252718463,0.028437895996530446,10,95.59296467215295,288.6118724660842,0
0.3090706815431464,0.25504540886847243,0.01450830186602625,0.09151917680062964,12,137.90005042824328,337.0790686892011,0
0.2549437629756306,0.15507886771337018,0.031365353310827376,0.26789738350473524,4,994.0246662723372,2869.239325055335,1
0.275530744293483,0.1955574438221611,0.010051859317148311,0.08428828283532282,19,175.70568326446391,327.8064317829842,0
0.16822359434333145,0.12730018347968075,0.030212715767360614,0.45376956130793983,2,943.1827944304335,2894.759238511994,1
0.2707316461437508,0.22540913651559677,0.02158697032817163,0.05521591983643924,12,127.42471115719643,289.27737805263894,0
0.17480834473457674,0.19580797277620865,0.03677925871339269,0.3461560339318318,6,813.1395105748888,2846.9385571403436,1
0.26395445461556766,0.247112757176099,0.01430205185922413,0.040077332907223845,19,85.44839377624311,218.86548525820874,0
0.287142251430235,0.21169424172198398,0.013253711478407856,0.0919866676549818,12,178.7792996850631,364.32958659235425,0
0.2534362790220314,0.2401258561842888,0.016122259092799858,0.04389804588710185,16,80.05313377246495,277.3240345267668,0
0.2391643642146299,0.15095533618405904,0.030103526198433806,0.2828500496881747,6,1197.0098292199013,2286.9317685725,1
0.31793585965307897,0.25007985977165376,0.017819545600261798,0.07567192945350419,16,97.06045360446747,310.93754195601724,0
0.1827254527806596,0.07707674693645855,0.034446026682201404,0.4620227373084416,3,1021.1914421208145,1410.4623639457047,1
0.22698799626299754,0.11881334538430034,0.03919076482987768,0.5660132483171956,6,833.5920599118127,2801.790707652276,1
0.24934903140503853,0.1066144970035566,0.0221510168691776,0.490895982523083,7,1108.4958113934185,2338.0286715621496,1
0.28116417436892005,0.23848054038413802,0.016119570670323307,0.07754828978953268,16,165.7292916351918,323.26289844657924,0
0.2092189856262983,0.14044502092117872,0.027097254558113487,0.5482923560369135,6,1151.7212090348066,2672.141350179053,1
0.2465345592656757,0.13823689529149616,0.030570131248970844,0.4644007139206867,3,636.7543110869253,2020.114481587053,1
0.2552609857824384,0.16606226714116856,0.00951862456552399,0.05711451014498663,12,137.82409751295398,274.2971887318869,0
0.16039300378938076,0.15200024068767462,0.050133872475266225,0.4727404795641924,5,603.9057991319058,2703.118701819036,1
0.2535908677383145,0.21891410266964376,0.007799745587028528,0.09273761646892482,15,123.40523058314967,323.7054117436371,0
0.17180360641017936,0.09924275790356266,0.035863640187550935,0.40084482717965364,5,1003.09205906954,1729.6801259468057,1
0.21764951619453732,0.1337754023768531,0.035079913269125435,0.33466283989059364,3,1151.2456767737497,2436.670471048465,1
0.2519629787441544,0.24690840092309957,0.00928497543634758,0.06363454955255243,13,129.9132685498226,216.04444929114283,0
0.20293028295646495,0.1397563281801849,0.025567177488084895,0.5761138018014857,3,560.8789819541339,1422.1214673700736,1
0.28592240554129156,0.21460250129413258,0.015393175951580452,0.0571145989350669,14,85.7169508923808,356.75447780344984,0
0.2836926771706461,0.1899371409376379,0.01562788226735771,0.08176099810479923,17,142.11155615786265,313.8968968344508,0
0.2970486666959245,0.2402874013003626,0.023141983115642688,0.08696329001943522,10,152.1323234749194,326.1161883166185,0
0.13797673699880372,0.13950603533875983,0.03181021558703707,0.4062468307405538,3,668.5390664312476,1308.1735386807063,1
0.2852211054435978,0.20042472568435385,0.005008996577339461,0.09776042637052297,16,167.2099069001836,285.79698636817807,0
0.1957286154493612,0.14238760698081662,0.045013336519554865,0.37416995214259446,6,1063.097021002367,2376.090297261625,1
0.308055886218722,0.25764048992950067,0.018193651110145922,0.07207787737207634,10,156.87627113631038,202.7397100817829,0
0.2896494483048637,0.22978749122455835,0.007147496981884114,0.0905933094725871,16,94.92593974895891,382.0426069735513,0
0.30166102486350554,0.2059131261891448,0.015611487515161419,0.03499295552780658,11,177.0547981476246,300.3151399835897,0
0.2705010937767809,0.22373533528954156,0.01517041734129613,0.022655148364994097,16,197.2525079661888,395.0746554292842,0
0.20351982149926348,0.11072483629594082,0.021015320182089625,0.26213459335426914,7,994.259979925053,2534.884715013214,1
0.22438586356516882,0.12084955128391384,0.03267392314071903,0.4837316391292423,6,576.3869547786433,2118.267084821382,1
0.24426068650848656,0.10333568642519236,0.011980195624199802,0.36597145248606777,5,1092.1546779182488,2464.4790148592438,1
0.21025267927331479,0.13751784555977892,0.04301741289398798,0.4627668249317463,4,756.960976782035,1299.945059056471,1
0.18592473043685886,0.13946129662768927,0.031846803058649086,0.2708336451217201,2,1098.1086420374681,1772.4892305916537,1
0.263991001239688,0.13679371343793117,0.022140105394920506,0.4962900921112785,6,759.2677960087574,2047.561241201718,1
0.3238091125161996,0.2097756864713763,0.009268273034906559,0.061000211901626536,14,153.15572139882823,203.1485825991354,0
0.22241880815369786,0.1228836233082295,0.028250402433045912,0.27763920676679,3,571.7342911780295,1924.99649981922,1
0.247745682576207,0.2348652818804543,0.01706899548725749,0.07990610695706452,18,185.35813963818018,310.37542728423716,0
0.2353789155219148,0.10660699156348415,0.04528468426412532,0.5033905694131329,3,728.8748871043518,2177.438575560175,1
0.2816374827877265,0.21886108752557865,0.02572574563886694,0.03918992902047558,17,102.9713216599451,279.19231774952095,0
0.269930486917676,0.24188383036941896,0.016643812051517402,0.08290225595072265,17,112.57262931610403,261.79119801363055,0
0.26182243774645964,0.15220895249579316,0.035382960790496326,0.5658586575500446,3,707.8428937768826,1984.1606228217177,1
0.1813190144053822,0.07017117199452025,0.00847109407047517,0.41406878791257706,2,1017.8408121322743,1410.6211047443032,1
0.16086591498485442,0.17539910988142998,0.03399687951752642,0.5378478307838974,2,857.5297630804805,2365.5296367180536,1
0.22616961910162037,0.10447166102891485,0.023309272613400833,0.4227413031190415,2,409.19397863849224,1587.9013659615919,1
0.18520997196023503,0.12623063061489334,0.05492999517432791,0.4594251195042156,4,698.8438408381455,1421.8186362893848,1
0.16992411906086574,0.1028776111875157,0.004089577078550899,0.348239125430591,5,1029.8986760040843,2467.3498883784105,1
0.21071046457895143,0.08756830378775213,0.03081829358547565,0.5101176195560612,2,708.4908102925185,2124.931322237876,1
0.1486059641272737,0.11498645759049436,0.016528737104703033,0.46132840853228574,6,1062.4934632050742,2548.9668107654556,1
0.17533338813300706,0.118516088710427,0.03160573981049865,0.510257870661796,4,1029.4156026857017,1559.109566873295,1
0.28120460419882054,0.22559937252639642,0.01935033865344377,0.06348305738741168,12,166.7753928659065,334.8517684012998,0
0.3344033833317924,0.24543110189988318,0.009482053413921145,0.03216834265778183,18,126.46847254137151,234.28683534210853,0
0.1822528583349251,0.10563754135009568,0.029908810033557963,0.5984031306669584,5,1112.045620372202,1436.976459827865,1
0.19191779496666328,0.07655958298751267,0.038604734883597454,0.37010857361043037,4,1105.3299858661703,1557.2839342896284,1
0.16755355989156817,0.14632086871727013,0.01239191188019224,0.41048305310866173,5,808.4494363274705,2209.0436562018876,1
0.17133378678198724,0.13276372685354892,0.026271668479082327,0.26364860440121907,2,772.0441986405156,2246.550790047637,1
0.19253107554562782,0.12398909022440628,0.026350472704571144,0.4368886153917173,3,743.6868737058907,1700.6324798759024,1
0.26696799304788366,0.18594832791524318,0.027898546688271592,0.04600832123453592,12,197.8459444419155,397.06076645745713,0
0.2329633055596157,0.10680806825177475,0.03817766299200287,0.5409807300349985,7,1053.801849093457,2083.3770120822487,1
0.2992675225848865,0.20574308434645672,0.0201128521600482,0.09320720547256346,17,121.35249013370716,328.8513447301623,0
0.2643349341532753,0.2364634116792383,0.020947352444623202,0.03639050193205701,17,145.09652041551874,278.11872151635646,0
0.2830745021189106,0.19497772847229394,0.01776244977208574,0.0621919697698141,13,195.38160067797017,383.13444645232994,0
0.21331458284438687,0.09424926659456359,0.02294988144241591,0.2888463142247184,5,992.1290950091704,2061.293009260731,1
0.2809114367980763,0.22816505511428944,0.014558589758243725,0.07409420496603472,12,125.77292496959737,305.9762522177052,0
0.2860309468466723,0.22258442363950456,0.016824805012331127,0.058775702970403756,17,81.21087280268297,314.2324597244722,0
0.29582063894086097,0.20419051089109377,0.02052762966478992,0.056983644880048576,16,117.21014460113061,369.83580110034086,0
0.19359658544864458,0.10407009134994546,0.027752345981073165,0.346885007726957,5,1039.775011171889,1211.5833806942323,1
0.2705613626842114,0.22341730876255883,0.014073561705611458,0.07209180679053394,18,152.6605719939052,357.8818843827171,0
0.20015731099154552,0.12086234468804452,0.04185704154662997,0.29235875016981755,5,617.1990033454942,1797.9700277051788,1
0.2406161712249624,0.12440141059299968,0.020283859614893485,0.4903064697224123,3,572.8480929958131,1976.002329174609,1
0.2686740454079446,0.21748426159800704,0.01122862074990321,0.05673919020775664,14,178.16320989664317,383.3206603284822,0
0.14143736601432497,0.15242342176663864,0.016687670464422218,0.4392444668257186,6,889.8065206094757,2380.899039556267,1
0.16626073724486393,0.12657450982991816,0.0355623000940066,0.3766719967932527,5,1107.501237618377,2279.3296232278585,1
0.2834915562566368,0.19510690593377167,0.009732922184131718,0.0291815097495374,18,145.6040624668122,393.4527175052731,0
0.20073530522776828,0.11469158317517851,0.02827053940076577,0.28048246837852003,7,726.1062863837246,1701.247312069594,1
0.16357434161636805,0.16360153431353103,0.010245334336461284,0.46067320085529606,5,684.7768259907155,1807.7687435986222,1
0.28947184861270364,0.2114623786010516,0.017267671507569898,0.046417205189719805,13,128.6901402338073,387.6827487716288,0
0.1704282186099337,0.08245381727428668,0.03240753179488568,0.4969550519253386,2,562.9337102181479,2756.932689207363,1
0.2504295601926515,0.17056710999745422,0.014136863500295901,0.034888113427702185,13,141.52642973751537,321.08235150151745,0
0.2589417539874917,0.13928168279602632,0.02861544016016226,0.30406091152816334,7,1146.5017875266467,1392.702921397535,1
0.3071248005714165,0.21183849253956896,0.00940165052686928,0.03975830392575999,13,194.7584112065033,290.15525677727277,0
0.16286553503519455,0.1383175723585147,0.03956702316794584,0.28940313664417794,3,493.6528331393349,2140.9682548113656,1
0.2699648591283093,0.22496441172600673,0.01715020823595535,0.06481345467694735,18,110.6370891804718,354.73251297913316,0
0.29009974557960916,0.2075036284460864,0.012091595430256782,0.07553204588078648,19,192.9526937890222,365.32366910049774,0
0.2894647524914709,0.2151934920368373,0.010087563032308452,0.09737012922073364,13,181.19337091236827,376.3231279755995,0
0.18422734934957719,0.15132482631207217,0.023942850769966613,0.39385737634294105,5,997.4213116269743,2452.1243742373044,1
0.29313107217267664,0.21711279176152115,0.013375843082456887,0.08342835352270715,11,91.78819906268966,372.72828425932323,0
0.2848392454313207,0.21522103906267182,0.025376304363126326,0.04625542028874492,19,196.04632177112418,345.8469485827286,0
0.25558312700057956,0.22094797342632827,0.022869933816450163,0.08653576349406188,19,109.49689271673836,202.92565177553513,0
0.2679872262016239,0.22519445003442964,0.018067589863652082,0.06574978169817493,10,176.57037463876338,316.2030186750219,0
0.26220971140748955,0.24492170384995257,0.018794642948933824,0.08857434055990024,10,98.87915360021938,282.76549306415916,0
0.24785033530877548,0.21480817297272792,0.014249722064837366,0.09879917249127002,12,112.28235761579725,315.7680336071185,0
0.19656380464242149,0.1561952689952507,0.04200413907944425,0.2900706733230668,3,1047.45951862821,1357.587595250005,1
0.2073489971332617,0.08631833935313105,0.034369381697463494,0.4719364109817159,2,810.8888372354596,1626.7524753312123,1
0.24265469614816507,0.18579663214686748,0.016549103551135137,0.04783531292657333,15,192.19933182065185,378.37862065131253,0
0.25072970103735764,0.20979967202290506,0.014596417099457087,0.06522642036572879,12,179.20961216314964,371.6240788502207,0
0.2722983543916737,0.21688645529215841,0.016979017667187044,0.05971689218842398,14,113.065752706338,282.9942430800156,0
0.264149585231346,0.1831825153733671,0.013104361295062563,0.042342087076352834,19,198.8434138398046,243.94135807828008,0
0.17730947764147093,0.11989192382728295,0.032246847257518856,0.3060087277621179,6,501.90913280027144,2141.6574372548976,1
0.26569408799653016,0.11950731311781743,0.023943844602631357,0.5974858936496745,5,1139.2214963405863,2038.228575172103,1
0.2747068633352409,0.23871356786294923,0.010057044464245412,0.07234340418599695,18,140.8007178779295,204.99324442401144,0
0.28342736562379944,0.19740586290684764,0.012705578685655299,0.0543725450191148,14,198.81036512809783,278.1510304659274,0
0.1737314523984573,0.10286463030651609,0.04024062525811462,0.5863974198926576,5,783.40807193163,2812.25633375887,1
0.2526602252732961,0.08920454101766818,0.040725073373098025,0.2732553455245212,2,791.5011591765362,2630.0654721363107,1
0.29030070534417324,0.19439141295007434,0.011490041560966223,0.07681942388986493,18,177.96929419580368,360.0146864153736,0
0.2475805044843606,0.1314059355301789,0.0370810867668859,0.5554638438481447,6,539.2653402491434,1228.4817095942774,1
0.15441890102137962,0.0915180333350417,0.04227668992473292,0.34110040014810106,2,815.7634103155874,2692.765621426367,1
0.15397657487793134,0.12748151051132264,0.034558877720816075,0.4577812769229884,7,675.8251360581176,2111.394556837682,1
0.2753169325055333,0.20698714861756345,0.01849111656806795,0.024684074339518337,18,81.56354813085005,290.09571429411903,0
0.2380073344755987,0.13479953702642666,0.046725723868377034,0.48475630916704193,4,884.3861353715238,2310.9938505802215,1
0.1845839924798992,0.11863241950933506,0.04238283071433636,0.3616033864123986,5,1097.174737101227,1406.6344690523042,1
0.25169258515899173,0.23513977233290703,0.019990050549298262,0.02912766279103467,15,178.9745427533344,347.24577650571,0
0.2812856003819093,0.22036867866130785,0.015219057359895547,0.048189995728772354,12,122.70257111110537,233.62362567985917,0
0.14723781540730657,0.11802749216781036,0.027231867001110792,0.26530867530813157,5,676.1839629359779,2972.7223391407692,1
0.29302782502611596,0.22798272228704142,0.019474621884722206,0.08625994019497747,15,155.35920591249177,323.7983129397176,0
0.2636837943006913,0.178532195351837,0.016405957119846878,0.09249146038126131,10,94.26492694124863,240.8333118336486,0
0.28010226913284925,0.21111413479847776,0.019581638373512407,0.06868218181571732,11,172.8687466124798,240.21303040998902,0
0.18231905729167366,0.1281473651158612,0.029939290884601066,0.354033232698016,7,440.3911555299263,2457.3551253764467,1
0.29517938440986535,0.24206603764033044,0.02123871036336867,0.03390092745085951,10,99.53780596122365,355.1823065614612,0
0.2762868204667237,0.2615080159729088,0.0007572868968496217,0.025516641308513693,10,83.30230221684984,311.58548903014014,0
0.3011424445243783,0.21593909227914015,0.007118039215078753,0.058637509766828425,14,90.88660426819172,370.5169909876686,0
0.2797300555052413,0.21867840402705366,0.016996115613026396,0.04676090309935457,15,141.76203405457267,270.04059821814604,0
0.15709575866118103,0.1731240190690653,0.0209609235853521,0.26470863630999186,6,744.2997997526346,1912.2743344328267,1
0.22374988081888808,0.10431419918540194,0.028559124442783843,0.4051830050327157,3,461.7161348316655,1245.4272225268755,1
0.2871557472069657,0.20954553958961922,0.015626122513239537,0.026352526771442362,11,107.20728587959559,338.13595422960134,0
0.21099794738290545,0.07423424487225783,0.02471383318250243,0.5708223325444226,6,731.7886615739768,1518.946501820144,1
0.28751396036691346,0.22096169893322765,0.015600156633591307,0.05070663615464352,12,146.23883625448653,209.73153273234266,0
0.21936127848755443,0.15585139886774527,0.019551908059789663,0.2540973137558164,6,1090.37791918957,1763.6937632935987,1
0.2653926673656573,0.22391690510195364,0.012212541074960831,0.07073137106365895,13,88.65333115153223,214.9642410389946,0
0.17219208585265752,0.10273086521286678,0.035583269125217226,0.4111253949206742,7,839.6850148246053,1746.5230886589125,1
0.208429756032051,0.11789502865624059,0.018966333938261262,0.2543414126970602,2,405.3457033791102,2384.5486525485426,1
0.3031719115801481,0.21934493459568002,0.00805213766618202,0.08383313276927153,17,95.01503085700963,326.32870301657834,0
0.24105894672597047,0.07430439285648675,0.01033643410623998,0.39771199104467364,4,825.5112632060113,2729.1615878782222,1
0.2962703443473934,0.19420078200517893,0.01798700034924929,0.09036654839612233,18,125.68276173930388,327.6644479583653,0
0.25787330051987944,0.23742249406863386,0.020743828501860517,0.024564377692100348,12,180.77793945746373,316.933618033165,0
0.3109986881003508,0.18690286656268462,0.019820435841441785,0.061550868760314986,11,171.49794613706638,280.46699104746654,0
0.28199302730175285,0.2211144982457739,0.014679308267035037,0.024156526204341472,17,110.33763273070406,341.2317004238108,0
0.21729670889167302,0.1064308104225277,0.028790518513922184,0.41995639488078923,6,971.7130199269793,1902.2164224390106,1
0.270610512281301,0.22097043255889653,0.020247763576596675,0.08308919717379253,14,122.604926774235,388.5091879353811,0
0.23474332620500205,0.16738716437192136,0.020606646061812457,0.5623831514841962,6,412.6505569863697,2979.338966391804,1
0.20641939732202666,0.14127011272765536,0.021494795457906998,0.47291581110916014,7,809.8278057947881,2892.397450028313,1
0.29625051644788397,0.2440242784432789,0.013187795292984339,0.04093645469887248,19,107.44332912804377,288.7718376842602,0
0.17513014967233784,0.14814851417927993,0.02331909546356951,0.5623058743488782,2,893.7992166789805,2123.214699933857,1
0.24550164334973937,0.20846457338863333,0.023679819015826248,0.02708803437436938,12,182.50662876090416,341.3268526935193,0
0.3173154902228952,0.22027858583825893,0.01155924827411138,0.036301316730215125,11,133.85763748959272,389.84013863617827,0
0.29476933159990826,0.23671384224130285,0.023419638457289345,0.0407437407092619,17,98.45684295699293,269.3925319469117,0
0.17575105143934547,0.15565179820344252,0.04826009713546936,0.29602119196429355,4,489.5044932392991,2592.08588600805,1
0.1840849655716842,0.1187952614806697,0.018041169379648156,0.4869922239072533,7,1161.1536229805447,2074.4713720427367,1
0.20140941781294228,0.15835355587821895,0.037189533106650664,0.3966317265656164,3,585.42687223148,1728.7966311139035,1
0.26454349570924857,0.2222845529732408,0.011632546878780656,0.07696112162646246,16,102.4297328730154,225.58738490235663,0
0.1884405920941472,0.13862016292652032,0.026908835357974985,0.3566628833851466,2,820.6049756473079,2212.5993622914852,1
0.24507071156288085,0.13320043350159996,0.028328782862135884,0.47830207700717886,2,907.7114051899043,1631.9808549659235,1
0.16450224462002677,0.10334401419920404,0.033074066978091,0.293051153293311,5,731.3607404574643,2890.19355975476,1
0.1903584247504102,0.09004937877783627,0.026975303135118714,0.47827849084091534,3,706.6273917137611,1617.7003314620808,1
0.23949714826684787,0.22512059468627751,0.023388504070382204,0.03399051497407675,17,93.94291478305351,201.74122941250872,0
0.2902757190182442,0.25509588363968727,0.01168549541224526,0.04514800905469987,10,140.18185537756807,376.91665858423755,0
0.2990800352698641,0.209101618263821,0.011407963672154013,0.059536995780024,11,197.8286837691847,320.60791101065666,0
0.17921271214218037,0.1515945855999871,0.02901110346808857,0.2668499925924237,5,1149.0137115305752,2825.936425876279,1
0.1689427303274188,0.1337025965746135,0.03381158384882778,0.299907950428668,6,1156.091351004807,2563.436001811292,1
0.22753585841164328,0.07944946183150998,0.038335289616089244,0.5181226717873559,4,551.8522423777248,2976.1123827015276,1
0.25061424905217694,0.11337107478511008,0.01474343685429905,0.35123567019042906,5,1056.4790061412693,2896.786518539935,1
0.18060281347272422,0.1651019490530145,0.015816342670669684,0.5146747648825618,4,825.2619174199945,1939.5427653128936,1
0.21831110796300396,0.10613174133884873,0.022442548405071552,0.33382855946833834,4,931.995612990219,2946.423619946778,1
0.20932722696794015,0.10130578420725707,0.018298869739406403,0.5900364418153676,3,666.8854312232345,2590.529314942927,1
0.20392221731858276,0.17437345673990784,0.04236093175210437,0.5713267932697027,2,766.417769334607,1707.4542772285124,1
0.29121569052736473,0.24098018451673778,0.012852972294373734,0.07851971922722899,16,185.52092242118337,319.35528399233795,0
0.29574169207484907,0.20906282117519215,0.026454712862953707,0.0707665934040243,12,94.64365931862184,385.0094350686029,0
0.27397792608821425,0.248831372413158,0.014807457652496463,0.0873546853433447,14,139.361022750954,251.64620393323202,0
0.27526362786519987,0.22300603522923756,0.01639497081111901,0.08607825701664655,17,82.37547900167053,269.5014164850362,0
0.18201874931138684,0.10819983563017918,0.03536652752527286,0.3791685576163208,5,698.8161415197501,1726.5295658572536,1
0.2710697009586596,0.2127806766836184,0.015526877530729798,0.07077370186031531,13,164.74318195560303,215.71156618474544,0
0.1939342204269832,0.09316178093341487,0.034746982328799525,0.4325059911652563,5,1045.7514550329504,1497.5441150483302,1
0.22323902160288012,0.14100929638226972,0.02944230922342294,0.40646944033224885,2,904.5603769270281,2605.000848396985,1
0.2880810171362908,0.25753591625116135,0.009800470364372345,0.064897823062602,14,191.72119650623597,362.5427239786124,0
0.2922335257768174,0.22508841686602427,0.016303368829119536,0.07836065829219174,16,199.09307472497346,277.24239856340614,0
0.18269289033012792,0.15326110741748722,0.022465821296538166,0.5842711790197461,6,1139.648844301444,1579.4066088384388,1
0.27723471397657634,0.2581883328094026,0.019623168414563845,0.08600395281440497,13,190.3264885487207,369.5855767526697,0
0.19901915755717722,0.14617371984840433,0.04173473857485325,0.5261448059722776,7,614.0806390893661,1209.0477946976457,1
0.15180661039227283,0.0909907157061236,0.04726963851233405,0.2608345268217702,2,1099.336545725621,1390.5358245802358,1
0.24473919689274534,0.2079202962656836,0.021900456770737257,0.026448121100569974,15,86.92435140990786,351.65345841121183,0
0.20202555444230327,0.1258226997869492,0.035078357562896234,0.2921954457412916,2,977.5433820125436,1824.394757455894,1
0.2756065622432498,0.22676992814988828,0.013256739327960704,0.047787466100707415,11,171.573003632157,355.35809668144543,0
0.2612434992016976,0.2321201990269128,0.01520295845601941,0.06326350039884356,11,117.9859598321444,275.08822193358253,0
0.29645089824206383,0.20696327784395682,0.01258406768850313,0.02193534111130842,17,110.45852937880338,351.70037618327814,0
0.1692683707599713,0.1171182030082605,0.020793264069206334,0.38314019213964334,5,876.2877290068832,1513.6381229616832,1
0.22058154379995318,0.1313163562519356,0.018967916342783168,0.420100172829161,6,637.4293456158805,2985.052932070413,1
0.2067227744543125,0.12857596172174715,0.02972695460490068,0.42943370408474574,7,1028.078171276566,2042.9943346808643,1
0.2993728998106578,0.21044685106469768,0.014813888817450792,0.09850376723977974,10,115.42901629875706,283.04819446680807,0
0.18308826341588078,0.11358033467323472,0.03170416222375488,0.46022787329192455,2,626.6438099399445,2197.8074538126207,1
0.24100622802333577,0.10042128062092827,0.03014688194729197,0.4089005674186402,4,726.4952454607385,2520.9896354445746,1
0.2664615599938808,0.24335564123319614,0.017470150931413693,0.05494805620921436,15,154.64474748451926,342.5555352433662,0
0.2069614981207291,0.13477353792024446,0.015151020315500963,0.37664858262179857,5,633.1965927389783,2297.894805472893,1
0.1924229554582052,0.15447819978857028,0.03169360824036078,0.5918801149787307,4,537.6884822582222,2775.730125219302,1
0.27770527117066207,0.19440846066528597,0.01398209819948819,0.07143055280469661,16,119.03046871094622,204.10416294586503,0
0.24173439510684408,0.20184872675916804,0.01155406090955216,0.054721549293910016,11,127.13525309712121,321.6817871760036,0
0.20063011524898278,0.07543318880889084,0.016881637676498404,0.5683693868028072,5,583.3375609713297,2237.905212833492,1
0.26940479592465927,0.23660671633088493,0.013704789270896484,0.05350346552593291,10,83.93715489543301,243.44617729060218,0
0.2562851251764766,0.10922123727638822,0.04561511196726853,0.3582804512519737,2,1044.6756260942666,2223.236817314292,1
0.20030699183058762,0.1491766334888019,0.02683591550305198,0.5687695565753703,2,963.0338487924062,2185.0275367571576,1
0.2964412031998898,0.2149004556515829,0.02192136409255259,0.03263638582682784,15,86.22743594220931,213.96013092292577,0
0.21872359451156467,0.10739439548712428,0.017903052571588925,0.46248135255156386,7,1128.9346281440633,1654.762855118316,1
0.20232104922942856,0.11258467852438209,0.024357524013426113,0.3598883510820735,4,727.7913891543512,1377.7269723887985,1
0.26161151531532395,0.19975791249479666,0.013779216823546755,0.0805401204550908,12,106.45861216269276,282.96302387778945,0
0.23832994687365275,0.12666401314901138,0.03028181157369128,0.4539823922792213,5,661.6357153214542,1702.9485915169296,1
0.196162472255577,0.14357400475952498,0.03722381357827771,0.38447234954503007,5,1002.1106352574689,1227.3183881162884,1
0.19609570836896947,0.15196441125196053,0.028130286970145538,0.45012032321691275,2,563.2197325908629,1655.0371992283913,1
0.29731510388340243,0.2205218210042167,0.009926216346535665,0.06101238025160424,10,189.76773379478044,273.11914020079337,0
0.30061999044991905,0.22675205324150405,0.0122484742307729,0.08124103191928878,14,126.35878076917591,317.70098703179775,0
0.21205135166296826,0.17387633019286564,0.020269310591184444,0.36860122726856304,6,1027.1898869514844,2363.8807991075914,1
0.2864816793878959,0.221731795749458,0.011872186492452353,0.07823514455790122,15,133.32384190898173,261.380902638914,0
0.1967890892013633,0.13028176039133113,0.03753341621104533,0.40068526846177266,3,417.7131803781036,1842.1836809218908,1
0.2855338159866004,0.19184976610564358,0.011230177055666618,0.03125692224390067,14,132.23890657462834,290.5822140535222,0
0.22009017646490117,0.08789745701021542,0.02348643106208171,0.5501468181814493,3,1188.9973375611212,1691.4731147900523,1
0.24970305550628275,0.2288852662297208,0.010158277725681824,0.07343359990429017,13,140.13054563146363,328.51552206472684,0
0.16888261537020632,0.17393059580548567,0.050615035766363975,0.5944046071236625,7,566.3650874315119,2253.141195971166,1
0.2785434217468626,0.21250358384900805,0.013876834250014876,0.05342087834200798,17,91.7017190769077,316.89995910615806,0
0.2649252767128502,0.24183013703844924,0.01926707779390154,0.045340934165402136,16,159.81754330860866,362.0517173399063,0
0.2866252686280713,0.22788904284756595,0.017718000772972163,0.08011000688232366,18,188.26836841546856,373.72792796468514,0
0.28687236579136927,0.22742291746742618,0.02238270174862948,0.030678397793275504,11,83.91415380098798,308.32928364335197,0
0.18586885083145033,0.12499356624639169,0.03949554135441324,0.33903705329464645,7,1190.1276738730014,2900.3983179079714,1
0.29267838044636024,0.22945194964826085,0.023195584027220335,0.02557129185299246,15,168.01840957905245,222.88630372247172,0
0.263664685910379,0.09072380241068001,0.010062643574285445,0.5259565701386546,6,865.7465840740717,1688.458734370219,1
0.2754844739902693,0.2308672038475987,0.012131499980307103,0.05369984426352577,12,171.62948826398872,366.273541244394,0
0.22440528908001917,0.12589664329534722,0.03557810306351862,0.2902265489708484,5,750.707984024609,2825.7434019019724,1
0.16406366322233457,0.13343125680051945,0.03673181351269958,0.3710571112582501,6,796.5630001855129,1737.9428434662555,1
0.2605063665954536,0.20852675986239527,0.0025029714256321334,0.0662074692704926,16,176.4221730121921,222.01265684022303,0
0.2059717908672041,0.09818588472525394,0.053193295399816945,0.25630229446015906,7,760.5491799511306,1558.6427179349653,1
0.19732639881461636,0.11702472408661851,0.01703168052044153,0.5294331191814233,3,999.5123622409272,2828.5794150242123,1
0.2971279758864695,0.24318659606728496,0.008329872525408977,0.033276391623662804,11,144.1148662272411,348.112944651902,0
0.20451181359428625,0.175401219772081,0.03299292580406492,0.49991142556339974,2,1061.19047215661,1559.7142883074912,1
0.22548806291063075,0.0816975427253907,0.03838490774451642,0.35497168902744464,7,901.9892574274235,1949.0616617530923,1
0.2383303046569553,0.16732359839290423,0.05165002344901084,0.2535459144097102,2,769.4747850200882,1830.7438500183553,1
0.1847917047388661,0.13147229238552152,0.041906462747863416,0.2748262756468207,5,602.6857360477292,2907.3052977927505,1
0.1787699160314366,0.12554508371084622,0.03419019009366045,0.446154220843154,2,813.4319513025266,1480.7655546580797,1
0.21641292143510116,0.1576726837672056,0.04085895565831578,0.5494936328431388,6,467.44105168908027,2738.4662101677554,1
0.28593969346466375,0.23392412729626838,0.01076519325840836,0.05982500064274322,17,155.8591399023749,293.8570454651581,0
0.24898673137867738,0.1861507074057036,0.016606786077251363,0.03610910257087795,14,95.04277709508628,226.52891552019062,0
0.2869289641899395,0.24253130059095515,0.0042330494319814255,0.07254240837794353,16,147.21100369320746,298.82953412757655,0
0.17518307169343034,0.13898795453266533,0.03183359919779156,0.25268241142722886,3,1066.9145073151667,2056.2380724197255,1
0.2753082573324971,0.22754600986089704,0.016732442379489964,0.047960509766945505,15,122.31231271146298,302.84020800186784,0
0.24353430823385125,0.07862042315956419,0.016280988570686435,0.2898434377168105,2,422.6490195221342,2871.090310145353,1
0.2865750221931937,0.20300311261070417,0.016193945795132565,0.0241806303428819,13,151.25629769715385,230.1216206436548,0
0.18339052083958454,0.1370930184069661,0.04289752754082746,0.561533962314333,3,957.301816973912,1731.1302286757568,1
0.19963259681459258,0.0796664846689717,0.045307508323436975,0.4570940068072139,6,739.8172243400422,2139.515406261415,1
0.2736946151071931,0.21924730595150305,0.013525251608539861,0.04681664378966982,15,109.70120877684943,388.1546599379002,0
0.21842500100130277,0.0997082309382219,0.04669904504351406,0.3933701132133312,7,943.1181800622724,2680.4903687224087,1
0.26181225090410526,0.22942936714271991,0.0209351515278019,0.05294124332676069,12,167.80696838770555,281.2023603412221,0
0.1585160080710699,0.13717748344068476,0.03592526949201183,0.3863186632158471,4,545.3786345825251,2610.300145521462,1
0.3093129753784311,0.18661189437757256,0.017614177440177497,0.07140521596281532,13,195.22013416744943,275.8453074360898,0
0.2630641256386319,0.23421919936406982,0.01775026049512276,0.09872882552291982,15,147.07767609197288,366.75839018376547,0
0.3107607313293194,0.25352874624550564,0.017385204136115606,0.0821368445564145,10,147.59895704396558,349.6465662663792,0
0.3177237180242106,0.20452421601792853,0.01806386952531285,0.061871272909949315,11,127.01887559402,341.3675711561082,0
0.24323819867198349,0.14123255806366425,0.04091310120594269,0.3480130653426713,6,473.6762025863219,1854.8573540536804,1
0.17844667336242692,0.10086780047246052,0.016331213015845787,0.2990084341436612,2,564.9739240673119,2261.906189043256,1
0.20222284341259328,0.10493837326942167,0.03282579950488299,0.5459615270464674,5,865.7150460622388,2478.238753016167,1
0.2731457096694646,0.23739211840211322,0.02544187352390364,0.038025354396098804,15,135.5952383927356,333.35438195677943,0
